"./IMG/center-1552234899.3443964.jpg","0"
"./IMG/center-1552234899.5435672.jpg","0"
"./IMG/center-1552234899.6455748.jpg","0"
"./IMG/center-1552234899.747512.jpg","0"
"./IMG/center-1552234899.8515694.jpg","0"
"./IMG/center-1552234899.9505148.jpg","0"
"./IMG/center-1552234900.0454493.jpg","0"
"./IMG/center-1552234900.1513908.jpg","0"
"./IMG/center-1552234900.2524977.jpg","0"
"./IMG/center-1552234900.3527734.jpg","0"
"./IMG/center-1552234900.45328.jpg","0"
"./IMG/center-1552234900.5553222.jpg","0"
"./IMG/center-1552234900.6572623.jpg","0"
"./IMG/center-1552234900.7611954.jpg","0"
"./IMG/center-1552234900.8541412.jpg","0"
"./IMG/center-1552234900.9590745.jpg","0"
"./IMG/center-1552234901.0610888.jpg","0"
"./IMG/center-1552234901.1607394.jpg","0"
"./IMG/center-1552234901.261824.jpg","0"
"./IMG/center-1552234901.3629382.jpg","0"
"./IMG/center-1552234901.4650972.jpg","0"
"./IMG/center-1552234901.564249.jpg","0"
"./IMG/center-1552234901.667526.jpg","0"
"./IMG/center-1552234901.7674654.jpg","0"
"./IMG/center-1552234901.8684037.jpg","0"
"./IMG/center-1552234901.970415.jpg","0"
"./IMG/center-1552234902.0713968.jpg","0"
"./IMG/center-1552234902.1705067.jpg","0"
"./IMG/center-1552234902.2734437.jpg","0"
"./IMG/center-1552234902.3733766.jpg","0"
"./IMG/center-1552234902.474435.jpg","0"
"./IMG/center-1552234902.578374.jpg","0"
"./IMG/center-1552234902.6765542.jpg","0"
"./IMG/center-1552234902.7764978.jpg","0"
"./IMG/center-1552234902.8774323.jpg","0"
"./IMG/center-1552234902.9783726.jpg","0"
"./IMG/center-1552234903.081441.jpg","0"
"./IMG/center-1552234903.1764467.jpg","0"
"./IMG/center-1552234903.2803824.jpg","0"
"./IMG/center-1552234903.38232.jpg","0"
"./IMG/center-1552234903.4833765.jpg","0"
"./IMG/center-1552234903.5843766.jpg","0"
"./IMG/center-1552234903.6853197.jpg","0"
"./IMG/center-1552234903.786252.jpg","0"
"./IMG/center-1552234903.886189.jpg","0"
"./IMG/center-1552234903.9821303.jpg","0"
"./IMG/center-1552234904.0830686.jpg","0"
"./IMG/center-1552234904.1890059.jpg","0"
"./IMG/center-1552234904.2839434.jpg","0"
"./IMG/center-1552234904.3848805.jpg","0"
"./IMG/center-1552234904.4878175.jpg","0"
"./IMG/center-1552234904.5877557.jpg","0"
"./IMG/center-1552234904.6896927.jpg","0"
"./IMG/center-1552234904.7937932.jpg","0"
"./IMG/center-1552234904.8987927.jpg","0"
"./IMG/center-1552234904.9987342.jpg","0"
"./IMG/center-1552234905.0996685.jpg","0"
"./IMG/center-1552234905.1996639.jpg","0"
"./IMG/center-1552234905.3016012.jpg","0"
"./IMG/center-1552234905.4016418.jpg","0"
"./IMG/center-1552234905.5027308.jpg","0"
"./IMG/center-1552234905.6036716.jpg","0"
"./IMG/center-1552234905.7046056.jpg","0"
"./IMG/center-1552234905.80561.jpg","0"
"./IMG/center-1552234905.9065514.jpg","0"
"./IMG/center-1552234906.007489.jpg","0"
"./IMG/center-1552234906.1085634.jpg","0"
"./IMG/center-1552234906.2116098.jpg","0"
"./IMG/center-1552234906.3119028.jpg","0"
"./IMG/center-1552234906.4079127.jpg","0"
"./IMG/center-1552234906.5148482.jpg","0"
"./IMG/center-1552234906.6097872.jpg","0"
"./IMG/center-1552234906.7157185.jpg","0"
"./IMG/center-1552234906.8087096.jpg","0"
"./IMG/center-1552234906.9169269.jpg","0"
"./IMG/center-1552234907.0178604.jpg","0"
"./IMG/center-1552234907.1188538.jpg","0"
"./IMG/center-1552234907.2209656.jpg","0"
"./IMG/center-1552234907.3199046.jpg","0"
"./IMG/center-1552234907.4218414.jpg","0"
"./IMG/center-1552234907.5218694.jpg","0"
"./IMG/center-1552234907.6248004.jpg","0"
"./IMG/center-1552234907.7258856.jpg","0"
"./IMG/center-1552234907.8258233.jpg","0"
"./IMG/center-1552234907.9258292.jpg","0"
"./IMG/center-1552234908.027833.jpg","0"
"./IMG/center-1552234908.128772.jpg","0"
"./IMG/center-1552234908.2327075.jpg","0"
"./IMG/center-1552234908.330642.jpg","0"
"./IMG/center-1552234908.431584.jpg","0"
"./IMG/center-1552234908.5355675.jpg","0"
"./IMG/center-1552234908.6337416.jpg","0"
"./IMG/center-1552234908.7347248.jpg","0"
"./IMG/center-1552234908.8357723.jpg","0"
"./IMG/center-1552234908.9357386.jpg","0"
"./IMG/center-1552234909.0368583.jpg","0"
"./IMG/center-1552234909.1327941.jpg","0"
"./IMG/center-1552234909.238779.jpg","0"
"./IMG/center-1552234909.3397202.jpg","0"
"./IMG/center-1552234909.4408972.jpg","0"
"./IMG/center-1552234909.5409644.jpg","0"
"./IMG/center-1552234909.6419067.jpg","0"
"./IMG/center-1552234909.7448325.jpg","0"
"./IMG/center-1552234909.844777.jpg","0"
"./IMG/center-1552234909.9457145.jpg","0"
"./IMG/right-1552234911.359704.jpg","2"
"./IMG/right-1552234911.5600803.jpg","2"
"./IMG/right-1552234911.6620176.jpg","2"
"./IMG/right-1552234911.7639153.jpg","2"
"./IMG/right-1552234911.8628547.jpg","2"
"./IMG/right-1552234911.9638908.jpg","2"
"./IMG/right-1552234912.0659702.jpg","2"
"./IMG/right-1552234912.1681762.jpg","2"
"./IMG/right-1552234912.2671628.jpg","2"
"./IMG/right-1552234912.37124.jpg","2"
"./IMG/right-1552234912.4671772.jpg","2"
"./IMG/right-1552234912.57211.jpg","2"
"./IMG/right-1552234912.6711185.jpg","2"
"./IMG/right-1552234912.774055.jpg","2"
"./IMG/right-1552234912.8729944.jpg","2"
"./IMG/right-1552234912.974968.jpg","2"
"./IMG/right-1552234913.0749087.jpg","2"
"./IMG/right-1552234913.178039.jpg","2"
"./IMG/right-1552234913.278978.jpg","2"
"./IMG/right-1552234913.3771043.jpg","2"
"./IMG/right-1552234913.4801102.jpg","2"
"./IMG/right-1552234913.5810478.jpg","2"
"./IMG/right-1552234913.6820772.jpg","2"
"./IMG/right-1552234913.7853367.jpg","2"
"./IMG/right-1552234913.884921.jpg","2"
"./IMG/right-1552234913.9859102.jpg","2"
"./IMG/right-1552234914.0929756.jpg","2"
"./IMG/right-1552234914.1899197.jpg","2"
"./IMG/right-1552234914.2888577.jpg","2"
"./IMG/right-1552234914.389798.jpg","2"
"./IMG/right-1552234914.4897358.jpg","2"
"./IMG/right-1552234914.5907345.jpg","2"
"./IMG/right-1552234914.691674.jpg","2"
"./IMG/right-1552234914.7928128.jpg","2"
"./IMG/right-1552234914.8948963.jpg","2"
"./IMG/right-1552234914.9958334.jpg","2"
"./IMG/right-1552234915.0959392.jpg","2"
"./IMG/right-1552234915.196181.jpg","2"
"./IMG/right-1552234915.2982295.jpg","2"
"./IMG/right-1552234915.4041564.jpg","2"
"./IMG/right-1552234915.5011547.jpg","2"
"./IMG/right-1552234915.601734.jpg","2"
"./IMG/right-1552234915.7017603.jpg","2"
"./IMG/right-1552234915.803691.jpg","2"
"./IMG/right-1552234915.9078922.jpg","2"
"./IMG/right-1552234916.0010035.jpg","2"
"./IMG/right-1552234916.1072605.jpg","2"
"./IMG/right-1552234916.2073846.jpg","2"
"./IMG/right-1552234916.3093748.jpg","2"
"./IMG/right-1552234916.409376.jpg","2"
"./IMG/right-1552234916.5113094.jpg","2"
"./IMG/right-1552234916.612293.jpg","2"
"./IMG/right-1552234916.7122314.jpg","2"
"./IMG/right-1552234916.8132758.jpg","2"
"./IMG/right-1552234916.9173093.jpg","2"
"./IMG/right-1552234917.01629.jpg","2"
"./IMG/right-1552234917.1165235.jpg","2"
"./IMG/right-1552234917.2175364.jpg","2"
"./IMG/right-1552234917.3197234.jpg","2"
"./IMG/right-1552234917.4187648.jpg","2"
"./IMG/right-1552234917.5187626.jpg","2"
"./IMG/right-1552234917.6207387.jpg","2"
"./IMG/right-1552234917.722777.jpg","2"
"./IMG/right-1552234917.8238282.jpg","2"
"./IMG/right-1552234917.9260168.jpg","2"
"./IMG/right-1552234918.026111.jpg","2"
"./IMG/right-1552234918.1270976.jpg","2"
"./IMG/right-1552234918.228598.jpg","2"
"./IMG/right-1552234918.3325427.jpg","2"
"./IMG/right-1552234918.4397955.jpg","2"
"./IMG/right-1552234918.5317323.jpg","2"
"./IMG/right-1552234918.6337907.jpg","2"
"./IMG/right-1552234918.7337234.jpg","2"
"./IMG/right-1552234918.8337183.jpg","2"
"./IMG/right-1552234918.9356556.jpg","2"
"./IMG/right-1552234919.037653.jpg","2"
"./IMG/right-1552234919.1375914.jpg","2"
"./IMG/right-1552234919.2379274.jpg","2"
"./IMG/right-1552234919.3398643.jpg","2"
"./IMG/right-1552234919.4399242.jpg","2"
"./IMG/right-1552234919.5419018.jpg","2"
"./IMG/right-1552234919.6419811.jpg","2"
"./IMG/right-1552234919.7439148.jpg","2"
"./IMG/right-1552234919.8448524.jpg","2"
"./IMG/right-1552234919.9447908.jpg","2"
"./IMG/right-1552234920.0467262.jpg","2"
"./IMG/right-1552234920.1487074.jpg","2"
"./IMG/right-1552234920.2477086.jpg","2"
"./IMG/right-1552234920.3486478.jpg","2"
"./IMG/right-1552234920.4506526.jpg","2"
"./IMG/right-1552234920.5506413.jpg","2"
"./IMG/right-1552234920.6535733.jpg","2"
"./IMG/right-1552234920.754509.jpg","2"
"./IMG/right-1552234920.8544533.jpg","2"
"./IMG/right-1552234920.9564395.jpg","2"
"./IMG/left-1552234923.4813964.jpg","1"
"./IMG/left-1552234923.6800454.jpg","1"
"./IMG/left-1552234923.780844.jpg","1"
"./IMG/left-1552234923.8817818.jpg","1"
"./IMG/left-1552234923.9830148.jpg","1"
"./IMG/left-1552234924.083967.jpg","1"
"./IMG/left-1552234924.184962.jpg","1"
"./IMG/left-1552234924.2878976.jpg","1"
"./IMG/left-1552234924.387836.jpg","1"
"./IMG/left-1552234924.4887679.jpg","1"
"./IMG/left-1552234924.5817103.jpg","1"
"./IMG/left-1552234924.689759.jpg","1"
"./IMG/left-1552234924.7919564.jpg","1"
"./IMG/left-1552234924.8879063.jpg","1"
"./IMG/left-1552234924.9928932.jpg","1"
"./IMG/left-1552234925.0898602.jpg","1"
"./IMG/left-1552234925.1948502.jpg","1"
"./IMG/left-1552234925.2970064.jpg","1"
"./IMG/left-1552234925.3979838.jpg","1"
"./IMG/left-1552234925.4999378.jpg","1"
"./IMG/left-1552234925.5999558.jpg","1"
"./IMG/left-1552234925.700012.jpg","1"
"./IMG/left-1552234925.8011997.jpg","1"
"./IMG/left-1552234925.902137.jpg","1"
"./IMG/left-1552234926.0040736.jpg","1"
"./IMG/left-1552234926.1040707.jpg","1"
"./IMG/left-1552234926.2060132.jpg","1"
"./IMG/left-1552234926.3069453.jpg","1"
"./IMG/left-1552234926.4080696.jpg","1"
"./IMG/left-1552234926.5100155.jpg","1"
"./IMG/left-1552234926.6110697.jpg","1"
"./IMG/left-1552234926.7099884.jpg","1"
"./IMG/left-1552234926.8109865.jpg","1"
"./IMG/left-1552234926.9099774.jpg","1"
"./IMG/left-1552234927.01492.jpg","1"
"./IMG/left-1552234927.1158016.jpg","1"
"./IMG/left-1552234927.2178001.jpg","1"
"./IMG/left-1552234927.316746.jpg","1"
"./IMG/left-1552234927.4176836.jpg","1"
"./IMG/left-1552234927.519127.jpg","1"
"./IMG/left-1552234927.6269813.jpg","1"
"./IMG/left-1552234927.720911.jpg","1"
"./IMG/left-1552234927.8238971.jpg","1"
"./IMG/left-1552234927.923884.jpg","1"
"./IMG/left-1552234928.0228348.jpg","1"
"./IMG/left-1552234928.1268435.jpg","1"
"./IMG/left-1552234928.22799.jpg","1"
"./IMG/left-1552234928.3270998.jpg","1"
"./IMG/left-1552234928.428363.jpg","1"
"./IMG/left-1552234928.5294049.jpg","1"
"./IMG/left-1552234928.6333878.jpg","1"
"./IMG/left-1552234928.7313244.jpg","1"
"./IMG/left-1552234928.8262668.jpg","1"
"./IMG/left-1552234928.9332566.jpg","1"
"./IMG/left-1552234929.0311944.jpg","1"
"./IMG/left-1552234929.1362345.jpg","1"
"./IMG/left-1552234929.2371738.jpg","1"
"./IMG/left-1552234929.3371117.jpg","1"
"./IMG/left-1552234929.4382482.jpg","1"
"./IMG/left-1552234929.5402277.jpg","1"
"./IMG/left-1552234929.639231.jpg","1"
"./IMG/left-1552234929.741311.jpg","1"
"./IMG/left-1552234929.844247.jpg","1"
"./IMG/left-1552234929.943285.jpg","1"
"./IMG/left-1552234930.044275.jpg","1"
"./IMG/left-1552234930.1462128.jpg","1"
"./IMG/left-1552234930.247284.jpg","1"
"./IMG/left-1552234930.3473768.jpg","1"
"./IMG/left-1552234930.4493217.jpg","1"
"./IMG/left-1552234930.5502582.jpg","1"
"./IMG/left-1552234930.6521916.jpg","1"
"./IMG/left-1552234930.7491302.jpg","1"
"./IMG/left-1552234930.8520722.jpg","1"
"./IMG/left-1552234930.9540088.jpg","1"
"./IMG/left-1552234931.0539472.jpg","1"
"./IMG/left-1552234931.1568837.jpg","1"
"./IMG/left-1552234931.2567909.jpg","1"
"./IMG/left-1552234931.3578627.jpg","1"
"./IMG/left-1552234931.4578648.jpg","1"
"./IMG/left-1552234931.5609388.jpg","1"
"./IMG/left-1552234931.6628618.jpg","1"
"./IMG/left-1552234931.7628572.jpg","1"
"./IMG/left-1552234931.861863.jpg","1"
"./IMG/left-1552234931.9647944.jpg","1"
"./IMG/left-1552234932.0649407.jpg","1"
"./IMG/left-1552234932.1667736.jpg","1"
"./IMG/left-1552234932.265712.jpg","1"
"./IMG/left-1552234932.3707383.jpg","1"
"./IMG/left-1552234932.4678512.jpg","1"
"./IMG/left-1552234932.569955.jpg","1"
"./IMG/left-1552234932.6718912.jpg","1"
"./IMG/left-1552234932.7738419.jpg","1"
"./IMG/left-1552234932.8739688.jpg","1"
"./IMG/left-1552234932.9739542.jpg","1"
"./IMG/left-1552234933.0788915.jpg","1"
"./IMG/left-1552234933.1758249.jpg","1"
"./IMG/left-1552234933.2687676.jpg","1"
"./IMG/left-1552234933.376828.jpg","1"
"./IMG/left-1552234933.4779508.jpg","1"
"./IMG/left-1552234933.5798593.jpg","1"
"./IMG/left-1552234933.679871.jpg","1"
"./IMG/left-1552234933.781873.jpg","1"
"./IMG/left-1552234933.8837795.jpg","1"
"./IMG/left-1552234933.9841473.jpg","1"
"./IMG/left-1552234934.0852275.jpg","1"
"./IMG/left-1552234934.1813023.jpg","1"
"./IMG/left-1552234934.2885423.jpg","1"
"./IMG/left-1552234934.3884857.jpg","1"
"./IMG/left-1552234934.4888966.jpg","1"
"./IMG/left-1552234934.5898333.jpg","1"
"./IMG/left-1552234934.6908123.jpg","1"
"./IMG/left-1552234934.7917497.jpg","1"
"./IMG/left-1552234934.8926876.jpg","1"
"./IMG/left-1552234934.9936929.jpg","1"
"./IMG/left-1552234935.0937502.jpg","1"
"./IMG/left-1552234935.1946883.jpg","1"
"./IMG/left-1552234935.2916908.jpg","1"
"./IMG/left-1552234935.3966894.jpg","1"
"./IMG/left-1552234935.4977398.jpg","1"
"./IMG/left-1552234935.6007504.jpg","1"
"./IMG/center-1552234936.7112563.jpg","0"
"./IMG/center-1552234936.9111962.jpg","0"
"./IMG/center-1552234937.0121944.jpg","0"
"./IMG/center-1552234937.1122274.jpg","0"
"./IMG/center-1552234937.214273.jpg","0"
"./IMG/center-1552234937.31632.jpg","0"
"./IMG/center-1552234937.4162588.jpg","0"
"./IMG/center-1552234937.5173295.jpg","0"
"./IMG/center-1552234937.618273.jpg","0"
"./IMG/center-1552234937.7202585.jpg","0"
"./IMG/center-1552234937.8152537.jpg","0"
"./IMG/center-1552234937.9161916.jpg","0"
"./IMG/center-1552234938.0161312.jpg","0"
"./IMG/center-1552234938.122224.jpg","0"
"./IMG/center-1552234938.2243412.jpg","0"
"./IMG/center-1552234938.3265567.jpg","0"
"./IMG/center-1552234938.426495.jpg","0"
"./IMG/center-1552234938.5284264.jpg","0"
"./IMG/center-1552234938.6274564.jpg","0"
"./IMG/center-1552234938.72958.jpg","0"
"./IMG/center-1552234938.829564.jpg","0"
"./IMG/center-1552234938.9324946.jpg","0"
"./IMG/center-1552234939.031439.jpg","0"
"./IMG/center-1552234939.1334612.jpg","0"
"./IMG/center-1552234939.2333992.jpg","0"
"./IMG/center-1552234939.3354461.jpg","0"
"./IMG/center-1552234939.43742.jpg","0"
"./IMG/center-1552234939.5333593.jpg","0"
"./IMG/center-1552234939.640294.jpg","0"
"./IMG/center-1552234939.7392387.jpg","0"
"./IMG/center-1552234939.8391778.jpg","0"
"./IMG/center-1552234939.9411595.jpg","0"
"./IMG/center-1552234940.0410976.jpg","0"
"./IMG/center-1552234940.1422799.jpg","0"
"./IMG/center-1552234940.2434328.jpg","0"
"./IMG/center-1552234940.3444107.jpg","0"
"./IMG/center-1552234940.4493492.jpg","0"
"./IMG/center-1552234940.5432863.jpg","0"
"./IMG/center-1552234940.6494567.jpg","0"
"./IMG/center-1552234940.7484846.jpg","0"
"./IMG/center-1552234940.8494265.jpg","0"
"./IMG/center-1552234940.9503646.jpg","0"
"./IMG/center-1552234941.0511615.jpg","0"
"./IMG/center-1552234941.1521823.jpg","0"
"./IMG/center-1552234941.2532246.jpg","0"
"./IMG/center-1552234941.3536158.jpg","0"
"./IMG/center-1552234941.4585466.jpg","0"
"./IMG/center-1552234941.5494902.jpg","0"
"./IMG/center-1552234941.6554282.jpg","0"
"./IMG/center-1552234941.7584698.jpg","0"
"./IMG/center-1552234941.860405.jpg","0"
"./IMG/center-1552234941.9603434.jpg","0"
"./IMG/center-1552234942.0623474.jpg","0"
"./IMG/center-1552234942.162289.jpg","0"
"./IMG/center-1552234942.264288.jpg","0"
"./IMG/center-1552234942.3642259.jpg","0"
"./IMG/center-1552234942.4672358.jpg","0"
"./IMG/center-1552234942.5701673.jpg","0"
"./IMG/center-1552234942.6671548.jpg","0"
"./IMG/right-1552234943.3728302.jpg","2"
"./IMG/right-1552234943.5760682.jpg","2"
"./IMG/right-1552234943.671007.jpg","2"
"./IMG/right-1552234943.7779503.jpg","2"
"./IMG/right-1552234943.8808901.jpg","2"
"./IMG/right-1552234943.97983.jpg","2"
"./IMG/right-1552234944.0847614.jpg","2"
"./IMG/right-1552234944.1818788.jpg","2"
"./IMG/right-1552234944.2839274.jpg","2"
"./IMG/right-1552234944.384917.jpg","2"
"./IMG/right-1552234944.4858568.jpg","2"
"./IMG/right-1552234944.5890062.jpg","2"
"./IMG/right-1552234944.6829436.jpg","2"
"./IMG/right-1552234944.7888806.jpg","2"
"./IMG/right-1552234944.8889477.jpg","2"
"./IMG/right-1552234944.9910958.jpg","2"
"./IMG/right-1552234945.0910428.jpg","2"
"./IMG/right-1552234945.1919978.jpg","2"
"./IMG/right-1552234945.2929335.jpg","2"
"./IMG/right-1552234945.3941102.jpg","2"
"./IMG/right-1552234945.4954038.jpg","2"
"./IMG/right-1552234945.5984383.jpg","2"
"./IMG/right-1552234945.6983478.jpg","2"
"./IMG/right-1552234945.799336.jpg","2"
"./IMG/right-1552234945.900407.jpg","2"
"./IMG/right-1552234946.0033917.jpg","2"
"./IMG/right-1552234946.1033378.jpg","2"
"./IMG/right-1552234946.2024863.jpg","2"
"./IMG/right-1552234946.304557.jpg","2"
"./IMG/right-1552234946.4045112.jpg","2"
"./IMG/right-1552234946.5058165.jpg","2"
"./IMG/right-1552234946.6076996.jpg","2"
"./IMG/right-1552234946.7086372.jpg","2"
"./IMG/right-1552234946.8105729.jpg","2"
"./IMG/right-1552234946.9115105.jpg","2"
"./IMG/right-1552234947.012799.jpg","2"
"./IMG/right-1552234947.1128619.jpg","2"
"./IMG/right-1552234947.2147996.jpg","2"
"./IMG/right-1552234947.3147874.jpg","2"
"./IMG/right-1552234947.4167948.jpg","2"
"./IMG/right-1552234947.5169435.jpg","2"
"./IMG/right-1552234947.620878.jpg","2"
"./IMG/right-1552234947.7198172.jpg","2"
"./IMG/right-1552234947.8187492.jpg","2"
"./IMG/right-1552234947.920789.jpg","2"
"./IMG/right-1552234948.0238853.jpg","2"
"./IMG/right-1552234948.1240199.jpg","2"
"./IMG/right-1552234948.2249568.jpg","2"
"./IMG/right-1552234948.325046.jpg","2"
"./IMG/right-1552234948.4259834.jpg","2"
"./IMG/right-1552234948.5280669.jpg","2"
"./IMG/right-1552234948.6300788.jpg","2"
"./IMG/right-1552234948.7291207.jpg","2"
"./IMG/right-1552234948.8390524.jpg","2"
"./IMG/right-1552234948.9270132.jpg","2"
"./IMG/right-1552234949.0331059.jpg","2"
"./IMG/left-1552234951.0513306.jpg","1"
"./IMG/left-1552234951.253492.jpg","1"
"./IMG/left-1552234951.3544765.jpg","1"
"./IMG/left-1552234951.4544141.jpg","1"
"./IMG/left-1552234951.5573514.jpg","1"
"./IMG/left-1552234951.6572888.jpg","1"
"./IMG/left-1552234951.759597.jpg","1"
"./IMG/left-1552234951.8607988.jpg","1"
"./IMG/left-1552234951.9607387.jpg","1"
"./IMG/left-1552234952.063932.jpg","1"
"./IMG/left-1552234952.1568732.jpg","1"
"./IMG/left-1552234952.2648761.jpg","1"
"./IMG/left-1552234952.36581.jpg","1"
"./IMG/left-1552234952.466865.jpg","1"
"./IMG/left-1552234952.5688179.jpg","1"
"./IMG/left-1552234952.6687524.jpg","1"
"./IMG/left-1552234952.7716858.jpg","1"
"./IMG/left-1552234952.8697822.jpg","1"
"./IMG/left-1552234952.97072.jpg","1"
"./IMG/left-1552234953.0716577.jpg","1"
"./IMG/left-1552234953.1746545.jpg","1"
"./IMG/left-1552234953.2735903.jpg","1"
"./IMG/left-1552234953.374662.jpg","1"
"./IMG/left-1552234953.476729.jpg","1"
"./IMG/left-1552234953.5787554.jpg","1"
"./IMG/left-1552234953.6786928.jpg","1"
"./IMG/left-1552234953.7788556.jpg","1"
"./IMG/left-1552234953.8798404.jpg","1"
"./IMG/left-1552234953.982053.jpg","1"
"./IMG/left-1552234954.0782313.jpg","1"
"./IMG/left-1552234954.179227.jpg","1"
"./IMG/left-1552234954.2834322.jpg","1"
"./IMG/left-1552234954.3852692.jpg","1"
"./IMG/left-1552234954.4854193.jpg","1"
"./IMG/left-1552234954.5878294.jpg","1"
"./IMG/left-1552234954.6857688.jpg","1"
"./IMG/left-1552234954.786707.jpg","1"
"./IMG/left-1552234954.8877118.jpg","1"
"./IMG/left-1552234954.98973.jpg","1"
"./IMG/left-1552234955.089861.jpg","1"
"./IMG/left-1552234955.1918035.jpg","1"
"./IMG/left-1552234955.2857976.jpg","1"
"./IMG/left-1552234955.392983.jpg","1"
"./IMG/left-1552234955.4940243.jpg","1"
"./IMG/left-1552234955.5950098.jpg","1"
"./IMG/left-1552234955.6969466.jpg","1"
"./IMG/left-1552234955.7990835.jpg","1"
"./IMG/left-1552234955.8980794.jpg","1"
"./IMG/left-1552234956.000016.jpg","1"
"./IMG/left-1552234956.1019535.jpg","1"
"./IMG/left-1552234956.2018971.jpg","1"
